{"H": 0.754598, "He": -0.52, "Li": 0.61804922, "Be": -0.52, "B": 0.27972325, "C": 1.262113612, "N": -0.07, "O": 1.4611053, "F": 3.401189824, "Ne": -1.22, "Na": 0.54792625, "Mg": -0.42, "Al": 0.432835, "Si": 1.38952128, "P": 0.7466071, "S": 2.077104512, "Cl": 3.61272528, "Ar": -1.02, "K": 0.50145913, "Ca": 0.024551, "Sc": 0.1882, "Ti": 0.075545, "V": 0.527662, "Cr": 0.6758412, "Mn": -0.52, "Fe": 0.15323634, "Co": 0.662265, "Ni": 1.1571612, "Cu": 1.235784, "Zn": -0.62, "Ga": 0.3012011, "Ge": 1.232676413, "As": 0.80482, "Se": 2.020604712, "Br": 3.3635883, "Kr": -1.02, "Rb": 0.48591621, "Sr": 0.052066, "Y": 0.30712, "Zr": 0.433289, "Nb": 0.917407, "Mo": 0.74733, "Tc": 0.552, "Ru": 1.0463825, "Rh": 1.142892, "Pd": 0.5621412, "Ag": 1.304473, "Cd": -0.72, "In": 0.383926, "Sn": 1.1120702, "Sb": 1.04740119, "Te": 1.9708757, "I": 3.05905238, "Xe": -0.82, "Cs": 0.47163025, "Ba": 0.144626, "La": 0.5575462, "Ce": 0.572, "Pr": 0.1092346, "Nd": 0.0974933, "Pm": 0.129, "Sm": 0.162, "Eu": 0.11613, "Gd": 0.137, "Tb": 0.131318, "Dy": 0.352, "Ho": 0.338, "Er": 0.312, "Tm": 1.02922, "Yb": -0.02, "Lu": 0.23887, "Hf": 0.17807, "Ta": 0.32312, "W": 0.816268, "Re": 0.06039663, "Os": 1.0778013, "Ir": 1.5643615, "Pt": 2.125105, "Au": 2.30861025, "Hg": -0.52, "Tl": 0.32005319, "Pb": 0.3567212, "Bi": 0.94236213, "Po": 1.407, "At": 2.415787, "Rn": -0.72, "Fr": 0.486, "Ra": 0.1, "Ac": 0.35, "Th": 1.17, "Pa": 0.55, "U": 0.53, "Np": 0.48, "Pu": -0.5, "Am": 0.1, "Cm": 0.28, "Bk": -1.72, "Cf": -1.01, "Es": -0.3, "Fm": 0.35, "Md": 0.98, "No": -2.33, "Lr": -0.31, "Rf": 0, "Db": 0, "Sg": 0, "Bh": 0, "Hs": 0, "Mt": 0, "Ds": 0, "Rg": 1.565, "Cn": 0, "Nh": 0.69, "Fl": 0, "Mc": 0.366, "Lv": 0.776, "Ts": 1.719, "Og": 0.0561}
