{"H": 0.1805, "He": 0.1513, "Li": 85.0, "Be": 190.0, "B": 27.0, "C": 140.0, "N": 0.02583, "O": 0.02658, "F": 0.0277, "Ne": 0.0491, "Na": 140.0, "Mg": 160.0, "Al": 235.0, "Si": 150.0, "P": 0.236, "S": 0.205, "Cl": 0.0089, "Ar": 0.01772, "K": 100.0, "Ca": 200.0, "Sc": 16.0, "Ti": 22.0, "V": 31.0, "Cr": 94.0, "Mn": 7.8, "Fe": 80.0, "Co": 100.0, "Ni": 91.0, "Cu": 400.0, "Zn": 120.0, "Ga": 29.0, "Ge": 60.0, "As": 50.0, "Se": 0.52, "Br": 0.12, "Kr": 0.00943, "Rb": 58.0, "Sr": 35.0, "Y": 17.0, "Zr": 23.0, "Nb": 54.0, "Mo": 139.0, "Tc": 51.0, "Ru": 120.0, "Rh": 150.0, "Pd": 72.0, "Ag": 430.0, "Cd": 97.0, "In": 82.0, "Sn": 67.0, "Sb": 24.0, "Te": 3.0, "I": 0.449, "Xe": 0.00565, "Cs": 36.0, "Ba": 18.0, "La": 13.0, "Ce": 11.0, "Pr": 13.0, "Nd": 17.0, "Pm": 15.0, "Sm": 13.0, "Eu": 14.0, "Gd": 11.0, "Tb": 11.0, "Dy": 11.0, "Ho": 16.0, "Er": 15.0, "Tm": 17.0, "Yb": 39.0, "Lu": 16.0, "Hf": 23.0, "Ta": 57.0, "W": 170.0, "Re": 48.0, "Os": 88.0, "Ir": 150.0, "Pt": 72.0, "Au": 320.0, "Hg": 8.3, "Tl": 46.0, "Pb": 35.0, "Bi": 8.0, "Po": 20.0, "At": 2.0, "Rn": 0.00361, "Fr": 0, "Ra": 19.0, "Ac": 12.0, "Th": 54.0, "Pa": 47.0, "U": 27.0, "Np": 6.0, "Pu": 6.0, "Am": 10.0, "Cm": 8.8, "Bk": 10.0, "Cf": 0, "Es": 0, "Fm": 0, "Md": 0, "No": 0, "Lr": 0, "Rf": 0, "Db": 0, "Sg": 0, "Bh": 0, "Hs": 0, "Mt": 0, "Ds": 0, "Rg": 0, "Cn": 0, "Nh": 0, "Fl": 0, "Mc": 0, "Lv": 0, "Ts": 0, "Og": 0}
